"","file_stem","X","articles","url","volume","issue","page","p_values_reported","p_values_reported_less_05","volume_factor"
"1","1_1_103",141,"jneuro;1/1/103","1/1/103",1,1,103,0,0,"1"
"2","1_1_107",142,"jneuro;1/1/107","1/1/107",1,1,107,0,0,"1"
"3","1_1_27",133,"jneuro;1/1/27","1/1/27",1,1,27,0,0,"1"
"4","1_1_3",132,"jneuro;1/1/3","1/1/3",1,1,3,0,0,"1"
"5","1_1_40",134,"jneuro;1/1/40","1/1/40",1,1,40,4,2,"1"
"6","1_1_49",135,"jneuro;1/1/49","1/1/49",1,1,49,30,8,"1"
"7","1_1_60",136,"jneuro;1/1/60","1/1/60",1,1,60,0,0,"1"
"8","1_1_72",137,"jneuro;1/1/72","1/1/72",1,1,72,3,2,"1"
"9","1_1_80",138,"jneuro;1/1/80","1/1/80",1,1,80,0,0,"1"
"10","1_1_83",139,"jneuro;1/1/83","1/1/83",1,1,83,0,0,"1"
"11","1_1_94",140,"jneuro;1/1/94","1/1/94",1,1,94,0,0,"1"
"12","1_10_1069",24,"jneuro;1/10/1069","1/10/1069",1,10,1069,0,0,"1"
"13","1_10_1075",25,"jneuro;1/10/1075","1/10/1075",1,10,1075,0,0,"1"
"14","1_10_1085",26,"jneuro;1/10/1085","1/10/1085",1,10,1085,0,0,"1"
"15","1_10_1096",27,"jneuro;1/10/1096","1/10/1096",1,10,1096,0,0,"1"
"16","1_10_1103",28,"jneuro;1/10/1103","1/10/1103",1,10,1103,0,0,"1"
"17","1_10_1113",29,"jneuro;1/10/1113","1/10/1113",1,10,1113,3,1,"1"
"18","1_10_1117",30,"jneuro;1/10/1117","1/10/1117",1,10,1117,0,0,"1"
"19","1_10_1133",31,"jneuro;1/10/1133","1/10/1133",1,10,1133,0,0,"1"
"20","1_10_1142",32,"jneuro;1/10/1142","1/10/1142",1,10,1142,3,3,"1"
"21","1_10_1148",33,"jneuro;1/10/1148","1/10/1148",1,10,1148,0,0,"1"
"22","1_10_1155",34,"jneuro;1/10/1155","1/10/1155",1,10,1155,0,0,"1"
"23","1_10_1163",35,"jneuro;1/10/1163","1/10/1163",1,10,1163,0,0,"1"
"24","1_10_1180",36,"jneuro;1/10/1180","1/10/1180",1,10,1180,0,0,"1"
"25","1_11_1193",11,"jneuro;1/11/1193","1/11/1193",1,11,1193,0,0,"1"
"26","1_11_1205",12,"jneuro;1/11/1205","1/11/1205",1,11,1205,0,0,"1"
"27","1_11_1211",13,"jneuro;1/11/1211","1/11/1211",1,11,1211,6,4,"1"
"28","1_11_1218",14,"jneuro;1/11/1218","1/11/1218",1,11,1218,0,0,"1"
"29","1_11_1236",15,"jneuro;1/11/1236","1/11/1236",1,11,1236,0,0,"1"
"30","1_11_1242",16,"jneuro;1/11/1242","1/11/1242",1,11,1242,0,0,"1"
"31","1_11_1260",17,"jneuro;1/11/1260","1/11/1260",1,11,1260,0,0,"1"
"32","1_11_1268",18,"jneuro;1/11/1268","1/11/1268",1,11,1268,0,0,"1"
"33","1_11_1279",19,"jneuro;1/11/1279","1/11/1279",1,11,1279,0,0,"1"
"34","1_11_1289",20,"jneuro;1/11/1289","1/11/1289",1,11,1289,0,0,"1"
"35","1_11_1304",21,"jneuro;1/11/1304","1/11/1304",1,11,1304,4,3,"1"
"36","1_11_1312",22,"jneuro;1/11/1312","1/11/1312",1,11,1312,0,0,"1"
"37","1_11_1320",23,"jneuro;1/11/1320","1/11/1320",1,11,1320,1,0,"1"
"38","1_12_1331",1,"jneuro;1/12/1331","1/12/1331",1,12,1331,2,2,"1"
"39","1_12_1347",2,"jneuro;1/12/1347","1/12/1347",1,12,1347,2,2,"1"
"40","1_12_1354",3,"jneuro;1/12/1354","1/12/1354",1,12,1354,1,0,"1"
"41","1_12_1361",4,"jneuro;1/12/1361","1/12/1361",1,12,1361,0,0,"1"
"42","1_12_1369",5,"jneuro;1/12/1369","1/12/1369",1,12,1369,0,0,"1"
"43","1_12_1388",6,"jneuro;1/12/1388","1/12/1388",1,12,1388,3,1,"1"
"44","1_12_1397",7,"jneuro;1/12/1397","1/12/1397",1,12,1397,0,0,"1"
"45","1_12_1407",8,"jneuro;1/12/1407","1/12/1407",1,12,1407,5,4,"1"
"46","1_12_1414",9,"jneuro;1/12/1414","1/12/1414",1,12,1414,0,0,"1"
"47","1_12_1426",10,"jneuro;1/12/1426","1/12/1426",1,12,1426,38,28,"1"
"48","1_2_121",122,"jneuro;1/2/121","1/2/121",1,2,121,0,0,"1"
"49","1_2_126",123,"jneuro;1/2/126","1/2/126",1,2,126,0,0,"1"
"50","1_2_132",124,"jneuro;1/2/132","1/2/132",1,2,132,2,1,"1"
"51","1_2_141",125,"jneuro;1/2/141","1/2/141",1,2,141,5,4,"1"
"52","1_2_152",126,"jneuro;1/2/152","1/2/152",1,2,152,0,0,"1"
"53","1_2_166",127,"jneuro;1/2/166","1/2/166",1,2,166,0,0,"1"
"54","1_2_176",128,"jneuro;1/2/176","1/2/176",1,2,176,0,0,"1"
"55","1_2_192",129,"jneuro;1/2/192","1/2/192",1,2,192,5,3,"1"
"56","1_2_204",130,"jneuro;1/2/204","1/2/204",1,2,204,0,0,"1"
"57","1_2_218",131,"jneuro;1/2/218","1/2/218",1,2,218,8,6,"1"
"58","1_3_227",111,"jneuro;1/3/227","1/3/227",1,3,227,16,10,"1"
"59","1_3_241",112,"jneuro;1/3/241","1/3/241",1,3,241,5,0,"1"
"60","1_3_250",113,"jneuro;1/3/250","1/3/250",1,3,250,0,0,"1"
"61","1_3_259",114,"jneuro;1/3/259","1/3/259",1,3,259,0,0,"1"
"62","1_3_271",115,"jneuro;1/3/271","1/3/271",1,3,271,0,0,"1"
"63","1_3_285",116,"jneuro;1/3/285","1/3/285",1,3,285,2,0,"1"
"64","1_3_292",117,"jneuro;1/3/292","1/3/292",1,3,292,2,0,"1"
"65","1_3_300",118,"jneuro;1/3/300","1/3/300",1,3,300,0,0,"1"
"66","1_3_308",119,"jneuro;1/3/308","1/3/308",1,3,308,0,0,"1"
"67","1_3_318",120,"jneuro;1/3/318","1/3/318",1,3,318,0,0,"1"
"68","1_3_323",121,"jneuro;1/3/323","1/3/323",1,3,323,6,2,"1"
"69","1_4_333",100,"jneuro;1/4/333","1/4/333",1,4,333,8,0,"1"
"70","1_4_343",101,"jneuro;1/4/343","1/4/343",1,4,343,13,0,"1"
"71","1_4_351",102,"jneuro;1/4/351","1/4/351",1,4,351,0,0,"1"
"72","1_4_358",103,"jneuro;1/4/358","1/4/358",1,4,358,8,4,"1"
"73","1_4_364",104,"jneuro;1/4/364","1/4/364",1,4,364,2,2,"1"
"74","1_4_368",105,"jneuro;1/4/368","1/4/368",1,4,368,0,0,"1"
"75","1_4_380",106,"jneuro;1/4/380","1/4/380",1,4,380,0,0,"1"
"76","1_4_390",107,"jneuro;1/4/390","1/4/390",1,4,390,0,0,"1"
"77","1_4_409",108,"jneuro;1/4/409","1/4/409",1,4,409,4,3,"1"
"78","1_4_419",109,"jneuro;1/4/419","1/4/419",1,4,419,0,0,"1"
"79","1_4_427",110,"jneuro;1/4/427","1/4/427",1,4,427,0,0,"1"
"80","1_5_441",88,"jneuro;1/5/441","1/5/441",1,5,441,0,0,"1"
"81","1_5_453",89,"jneuro;1/5/453","1/5/453",1,5,453,5,4,"1"
"82","1_5_461",90,"jneuro;1/5/461","1/5/461",1,5,461,0,0,"1"
"83","1_5_471",91,"jneuro;1/5/471","1/5/471",1,5,471,0,0,"1"
"84","1_5_478",92,"jneuro;1/5/478","1/5/478",1,5,478,5,1,"1"
"85","1_5_493",93,"jneuro;1/5/493","1/5/493",1,5,493,3,3,"1"
"86","1_5_505",94,"jneuro;1/5/505","1/5/505",1,5,505,0,0,"1"
"87","1_5_514",95,"jneuro;1/5/514","1/5/514",1,5,514,6,2,"1"
"88","1_5_519",96,"jneuro;1/5/519","1/5/519",1,5,519,0,0,"1"
"89","1_5_527",97,"jneuro;1/5/527","1/5/527",1,5,527,5,4,"1"
"90","1_5_532",98,"jneuro;1/5/532","1/5/532",1,5,532,2,1,"1"
"91","1_5_548",99,"jneuro;1/5/548","1/5/548",1,5,548,0,0,"1"
"92","1_6_561",76,"jneuro;1/6/561","1/6/561",1,6,561,0,0,"1"
"93","1_6_578",77,"jneuro;1/6/578","1/6/578",1,6,578,0,0,"1"
"94","1_6_585",78,"jneuro;1/6/585","1/6/585",1,6,585,4,3,"1"
"95","1_6_596",79,"jneuro;1/6/596","1/6/596",1,6,596,0,0,"1"
"96","1_6_606",80,"jneuro;1/6/606","1/6/606",1,6,606,0,0,"1"
"97","1_6_620",81,"jneuro;1/6/620","1/6/620",1,6,620,2,0,"1"
"98","1_6_626",82,"jneuro;1/6/626","1/6/626",1,6,626,0,0,"1"
"99","1_6_635",83,"jneuro;1/6/635","1/6/635",1,6,635,8,0,"1"
"100","1_6_641",84,"jneuro;1/6/641","1/6/641",1,6,641,11,4,"1"
"101","1_6_650",85,"jneuro;1/6/650","1/6/650",1,6,650,0,0,"1"
"102","1_6_658",86,"jneuro;1/6/658","1/6/658",1,6,658,6,6,"1"
"103","1_6_674",87,"jneuro;1/6/674","1/6/674",1,6,674,8,5,"1"
"104","1_7_679",63,"jneuro;1/7/679","1/7/679",1,7,679,2,1,"1"
"105","1_7_685",64,"jneuro;1/7/685","1/7/685",1,7,685,6,3,"1"
"106","1_7_691",65,"jneuro;1/7/691","1/7/691",1,7,691,0,0,"1"
"107","1_7_696",66,"jneuro;1/7/696","1/7/696",1,7,696,0,0,"1"
"108","1_7_703",67,"jneuro;1/7/703","1/7/703",1,7,703,0,0,"1"
"109","1_7_710",68,"jneuro;1/7/710","1/7/710",1,7,710,0,0,"1"
"110","1_7_721",69,"jneuro;1/7/721","1/7/721",1,7,721,0,0,"1"
"111","1_7_736",70,"jneuro;1/7/736","1/7/736",1,7,736,0,0,"1"
"112","1_7_741",71,"jneuro;1/7/741","1/7/741",1,7,741,0,0,"1"
"113","1_7_760",72,"jneuro;1/7/760","1/7/760",1,7,760,7,4,"1"
"114","1_7_771",73,"jneuro;1/7/771","1/7/771",1,7,771,0,0,"1"
"115","1_7_777",74,"jneuro;1/7/777","1/7/777",1,7,777,0,0,"1"
"116","1_7_784",75,"jneuro;1/7/784","1/7/784",1,7,784,0,0,"1"
"117","1_8_793",49,"jneuro;1/8/793","1/8/793",1,8,793,0,0,"1"
"118","1_8_812",50,"jneuro;1/8/812","1/8/812",1,8,812,0,0,"1"
"119","1_8_827",51,"jneuro;1/8/827","1/8/827",1,8,827,0,0,"1"
"120","1_8_835",52,"jneuro;1/8/835","1/8/835",1,8,835,0,0,"1"
"121","1_8_840",53,"jneuro;1/8/840","1/8/840",1,8,840,0,0,"1"
"122","1_8_846",54,"jneuro;1/8/846","1/8/846",1,8,846,0,0,"1"
"123","1_8_849",55,"jneuro;1/8/849","1/8/849",1,8,849,0,0,"1"
"124","1_8_862",56,"jneuro;1/8/862","1/8/862",1,8,862,0,0,"1"
"125","1_8_876",57,"jneuro;1/8/876","1/8/876",1,8,876,10,7,"1"
"126","1_8_887",58,"jneuro;1/8/887","1/8/887",1,8,887,31,17,"1"
"127","1_8_901",59,"jneuro;1/8/901","1/8/901",1,8,901,0,0,"1"
"128","1_8_908",60,"jneuro;1/8/908","1/8/908",1,8,908,2,2,"1"
"129","1_8_918",61,"jneuro;1/8/918","1/8/918",1,8,918,0,0,"1"
"130","1_8_923",62,"jneuro;1/8/923","1/8/923",1,8,923,0,0,"1"
"131","1_9_1003",43,"jneuro;1/9/1003","1/9/1003",1,9,1003,0,0,"1"
"132","1_9_1008",44,"jneuro;1/9/1008","1/9/1008",1,9,1008,13,13,"1"
"133","1_9_1022",45,"jneuro;1/9/1022","1/9/1022",1,9,1022,0,0,"1"
"134","1_9_1036",46,"jneuro;1/9/1036","1/9/1036",1,9,1036,0,0,"1"
"135","1_9_1043",47,"jneuro;1/9/1043","1/9/1043",1,9,1043,2,1,"1"
"136","1_9_1052",48,"jneuro;1/9/1052","1/9/1052",1,9,1052,19,14,"1"
"137","1_9_929",37,"jneuro;1/9/929","1/9/929",1,9,929,0,0,"1"
"138","1_9_936",38,"jneuro;1/9/936","1/9/936",1,9,936,11,9,"1"
"139","1_9_945",39,"jneuro;1/9/945","1/9/945",1,9,945,0,0,"1"
"140","1_9_956",40,"jneuro;1/9/956","1/9/956",1,9,956,0,0,"1"
"141","1_9_981",41,"jneuro;1/9/981","1/9/981",1,9,981,0,0,"1"
"142","1_9_993",42,"jneuro;1/9/993","1/9/993",1,9,993,0,0,"1"
"143","40_1_107",812,"jneuro;40/1/107","40/1/107",40,1,107,133,37,"40"
"144","40_1_131",813,"jneuro;40/1/131","40/1/131",40,1,131,31,10,"40"
"145","40_1_143",814,"jneuro;40/1/143","40/1/143",40,1,143,44,31,"40"
"146","40_1_159",815,"jneuro;40/1/159","40/1/159",40,1,159,17,6,"40"
"147","40_1_171",816,"jneuro;40/1/171","40/1/171",40,1,171,29,13,"40"
"148","40_1_191",817,"jneuro;40/1/191","40/1/191",40,1,191,39,14,"40"
"149","40_1_203",818,"jneuro;40/1/203","40/1/203",40,1,203,31,17,"40"
"150","40_1_220",819,"jneuro;40/1/220","40/1/220",40,1,220,97,86,"40"
"151","40_1_237",820,"jneuro;40/1/237","40/1/237",40,1,237,69,50,"40"
"152","40_10_2000",678,"jneuro;40/10/2000","40/10/2000",40,10,2000,37,32,"40"
"153","40_10_2015",679,"jneuro;40/10/2015","40/10/2015",40,10,2015,26,9,"40"
"154","40_10_2025",680,"jneuro;40/10/2025","40/10/2025",40,10,2025,50,32,"40"
"155","40_10_2038",681,"jneuro;40/10/2038","40/10/2038",40,10,2038,25,8,"40"
"156","40_10_2047",682,"jneuro;40/10/2047","40/10/2047",40,10,2047,28,21,"40"
"157","40_10_2056",683,"jneuro;40/10/2056","40/10/2056",40,10,2056,2,2,"40"
"158","40_10_2069",684,"jneuro;40/10/2069","40/10/2069",40,10,2069,98,50,"40"
"159","40_10_2080",685,"jneuro;40/10/2080","40/10/2080",40,10,2080,10,1,"40"
"160","40_10_2094",686,"jneuro;40/10/2094","40/10/2094",40,10,2094,53,46,"40"
"161","40_10_2108",687,"jneuro;40/10/2108","40/10/2108",40,10,2108,14,7,"40"
"162","40_10_2119",688,"jneuro;40/10/2119","40/10/2119",40,10,2119,26,14,"40"
"163","40_10_2129",689,"jneuro;40/10/2129","40/10/2129",40,10,2129,21,7,"40"
"164","40_10_2139",690,"jneuro;40/10/2139","40/10/2139",40,10,2139,229,96,"40"
"165","40_10_2154",691,"jneuro;40/10/2154","40/10/2154",40,10,2154,44,33,"40"
"166","40_10_2166",692,"jneuro;40/10/2166","40/10/2166",40,10,2166,21,10,"40"
"167","40_11_2189",663,"jneuro;40/11/2189","40/11/2189",40,11,2189,10,6,"40"
"168","40_11_2200",664,"jneuro;40/11/2200","40/11/2200",40,11,2200,48,29,"40"
"169","40_11_2215",665,"jneuro;40/11/2215","40/11/2215",40,11,2215,39,12,"40"
"170","40_11_2228",666,"jneuro;40/11/2228","40/11/2228",40,11,2228,73,49,"40"
"171","40_11_2246",667,"jneuro;40/11/2246","40/11/2246",40,11,2246,65,24,"40"
"172","40_11_2259",668,"jneuro;40/11/2259","40/11/2259",40,11,2259,70,37,"40"
"173","40_11_2269",669,"jneuro;40/11/2269","40/11/2269",40,11,2269,33,16,"40"
"174","40_11_2282",670,"jneuro;40/11/2282","40/11/2282",40,11,2282,52,24,"40"
"175","40_11_2296",671,"jneuro;40/11/2296","40/11/2296",40,11,2296,54,28,"40"
"176","40_11_2305",672,"jneuro;40/11/2305","40/11/2305",40,11,2305,11,6,"40"
"177","40_11_2314",673,"jneuro;40/11/2314","40/11/2314",40,11,2314,65,45,"40"
"178","40_11_2332",674,"jneuro;40/11/2332","40/11/2332",40,11,2332,30,13,"40"
"179","40_11_2343",675,"jneuro;40/11/2343","40/11/2343",40,11,2343,29,20,"40"
"180","40_11_2357",676,"jneuro;40/11/2357","40/11/2357",40,11,2357,258,245,"40"
"181","40_11_2371",677,"jneuro;40/11/2371","40/11/2371",40,11,2371,29,22,"40"
"182","40_12_2390",648,"jneuro;40/12/2390","40/12/2390",40,12,2390,3,1,"40"
"183","40_12_2403",649,"jneuro;40/12/2403","40/12/2403",40,12,2403,50,31,"40"
"184","40_12_2416",650,"jneuro;40/12/2416","40/12/2416",40,12,2416,33,6,"40"
"185","40_12_2430",651,"jneuro;40/12/2430","40/12/2430",40,12,2430,8,1,"40"
"186","40_12_2445",652,"jneuro;40/12/2445","40/12/2445",40,12,2445,106,66,"40"
"187","40_12_2458",653,"jneuro;40/12/2458","40/12/2458",40,12,2458,37,23,"40"
"188","40_12_2471",654,"jneuro;40/12/2471","40/12/2471",40,12,2471,54,34,"40"
"189","40_12_2485",655,"jneuro;40/12/2485","40/12/2485",40,12,2485,66,36,"40"
"190","40_12_2498",656,"jneuro;40/12/2498","40/12/2498",40,12,2498,17,10,"40"
"191","40_12_2510",657,"jneuro;40/12/2510","40/12/2510",40,12,2510,27,22,"40"
"192","40_12_2519",658,"jneuro;40/12/2519","40/12/2519",40,12,2519,107,76,"40"
"193","40_12_2538",659,"jneuro;40/12/2538","40/12/2538",40,12,2538,9,8,"40"
"194","40_12_2553",660,"jneuro;40/12/2553","40/12/2553",40,12,2553,11,6,"40"
"195","40_12_2562",661,"jneuro;40/12/2562","40/12/2562",40,12,2562,25,13,"40"
"196","40_12_2573",662,"jneuro;40/12/2573","40/12/2573",40,12,2573,65,51,"40"
"197","40_13_2593",633,"jneuro;40/13/2593","40/13/2593",40,13,2593,28,20,"40"
"198","40_13_2606",634,"jneuro;40/13/2606","40/13/2606",40,13,2606,102,50,"40"
"199","40_13_2618",635,"jneuro;40/13/2618","40/13/2618",40,13,2618,42,31,"40"
"200","40_13_2633",636,"jneuro;40/13/2633","40/13/2633",40,13,2633,114,65,"40"
"201","40_13_2644",637,"jneuro;40/13/2644","40/13/2644",40,13,2644,29,20,"40"
"202","40_13_2663",638,"jneuro;40/13/2663","40/13/2663",40,13,2663,24,17,"40"
"203","40_13_2680",639,"jneuro;40/13/2680","40/13/2680",40,13,2680,7,0,"40"
"204","40_13_2695",640,"jneuro;40/13/2695","40/13/2695",40,13,2695,68,46,"40"
"205","40_13_2708",641,"jneuro;40/13/2708","40/13/2708",40,13,2708,0,0,"40"
"206","40_13_2717",642,"jneuro;40/13/2717","40/13/2717",40,13,2717,9,7,"40"
"207","40_13_2727",643,"jneuro;40/13/2727","40/13/2727",40,13,2727,19,8,"40"
"208","40_13_2737",644,"jneuro;40/13/2737","40/13/2737",40,13,2737,114,46,"40"
"209","40_13_2753",645,"jneuro;40/13/2753","40/13/2753",40,13,2753,24,6,"40"
"210","40_13_2764",646,"jneuro;40/13/2764","40/13/2764",40,13,2764,6,3,"40"
"211","40_13_2776",647,"jneuro;40/13/2776","40/13/2776",40,13,2776,63,42,"40"
"212","40_14_2793",618,"jneuro;40/14/2793","40/14/2793",40,14,2793,77,50,"40"
"213","40_14_2808",619,"jneuro;40/14/2808","40/14/2808",40,14,2808,12,11,"40"
"214","40_14_2817",620,"jneuro;40/14/2817","40/14/2817",40,14,2817,67,58,"40"
"215","40_14_2828",621,"jneuro;40/14/2828","40/14/2828",40,14,2828,2,1,"40"
"216","40_14_2849",622,"jneuro;40/14/2849","40/14/2849",40,14,2849,15,12,"40"
"217","40_14_2859",623,"jneuro;40/14/2859","40/14/2859",40,14,2859,67,30,"40"
"218","40_14_2868",624,"jneuro;40/14/2868","40/14/2868",40,14,2868,0,0,"40"
"219","40_14_2882",625,"jneuro;40/14/2882","40/14/2882",40,14,2882,77,54,"40"
"220","40_14_2895",626,"jneuro;40/14/2895","40/14/2895",40,14,2895,7,5,"40"
"221","40_14_2906",627,"jneuro;40/14/2906","40/14/2906",40,14,2906,35,15,"40"
"222","40_14_2914",628,"jneuro;40/14/2914","40/14/2914",40,14,2914,3,3,"40"
"223","40_14_2925",629,"jneuro;40/14/2925","40/14/2925",40,14,2925,39,28,"40"
"224","40_14_2935",630,"jneuro;40/14/2935","40/14/2935",40,14,2935,68,52,"40"
"225","40_14_2943",631,"jneuro;40/14/2943","40/14/2943",40,14,2943,41,23,"40"
"226","40_14_2960",632,"jneuro;40/14/2960","40/14/2960",40,14,2960,63,53,"40"
"227","40_15_2976",605,"jneuro;40/15/2976","40/15/2976",40,15,2976,26,16,"40"
"228","40_15_2993",606,"jneuro;40/15/2993","40/15/2993",40,15,2993,123,93,"40"
"229","40_15_3008",607,"jneuro;40/15/3008","40/15/3008",40,15,3008,13,5,"40"
"230","40_15_3025",608,"jneuro;40/15/3025","40/15/3025",40,15,3025,16,6,"40"
"231","40_15_3035",609,"jneuro;40/15/3035","40/15/3035",40,15,3035,70,61,"40"
"232","40_15_3052",610,"jneuro;40/15/3052","40/15/3052",40,15,3052,10,8,"40"
"233","40_15_3063",611,"jneuro;40/15/3063","40/15/3063",40,15,3063,20,15,"40"
"234","40_15_3075",612,"jneuro;40/15/3075","40/15/3075",40,15,3075,10,9,"40"
"235","40_15_3089",613,"jneuro;40/15/3089","40/15/3089",40,15,3089,30,9,"40"
"236","40_15_3096",614,"jneuro;40/15/3096","40/15/3096",40,15,3096,20,14,"40"
"237","40_15_3104",615,"jneuro;40/15/3104","40/15/3104",40,15,3104,35,28,"40"
"238","40_15_3119",616,"jneuro;40/15/3119","40/15/3119",40,15,3119,17,14,"40"
"239","40_15_3130",617,"jneuro;40/15/3130","40/15/3130",40,15,3130,26,12,"40"
"240","40_16_3142",592,"jneuro;40/16/3142","40/16/3142",40,16,3142,23,5,"40"
"241","40_16_3152",593,"jneuro;40/16/3152","40/16/3152",40,16,3152,2,1,"40"
"242","40_16_3165",594,"jneuro;40/16/3165","40/16/3165",40,16,3165,28,20,"40"
"243","40_16_3178",595,"jneuro;40/16/3178","40/16/3178",40,16,3178,30,18,"40"
"244","40_16_3186",596,"jneuro;40/16/3186","40/16/3186",40,16,3186,12,5,"40"
"245","40_16_3203",597,"jneuro;40/16/3203","40/16/3203",40,16,3203,65,29,"40"
"246","40_16_3217",598,"jneuro;40/16/3217","40/16/3217",40,16,3217,46,31,"40"
"247","40_16_3231",599,"jneuro;40/16/3231","40/16/3231",40,16,3231,115,54,"40"
"248","40_16_3250",600,"jneuro;40/16/3250","40/16/3250",40,16,3250,7,5,"40"
"249","40_16_3268",601,"jneuro;40/16/3268","40/16/3268",40,16,3268,31,15,"40"
"250","40_16_3278",602,"jneuro;40/16/3278","40/16/3278",40,16,3278,36,23,"40"
"251","40_16_3292",603,"jneuro;40/16/3292","40/16/3292",40,16,3292,22,8,"40"
"252","40_16_3304",604,"jneuro;40/16/3304","40/16/3304",40,16,3304,57,22,"40"
"253","40_17_3320",579,"jneuro;40/17/3320","40/17/3320",40,17,3320,46,33,"40"
"254","40_17_3332",580,"jneuro;40/17/3332","40/17/3332",40,17,3332,49,40,"40"
"255","40_17_3348",581,"jneuro;40/17/3348","40/17/3348",40,17,3348,43,24,"40"
"256","40_17_3360",582,"jneuro;40/17/3360","40/17/3360",40,17,3360,42,37,"40"
"257","40_17_3374",583,"jneuro;40/17/3374","40/17/3374",40,17,3374,35,19,"40"
"258","40_17_3385",584,"jneuro;40/17/3385","40/17/3385",40,17,3385,177,171,"40"
"259","40_17_3408",585,"jneuro;40/17/3408","40/17/3408",40,17,3408,0,0,"40"
"260","40_17_3424",586,"jneuro;40/17/3424","40/17/3424",40,17,3424,48,37,"40"
"261","40_17_3443",587,"jneuro;40/17/3443","40/17/3443",40,17,3443,37,11,"40"
"262","40_17_3455",588,"jneuro;40/17/3455","40/17/3455",40,17,3455,15,9,"40"
"263","40_17_3465",589,"jneuro;40/17/3465","40/17/3465",40,17,3465,87,67,"40"
"264","40_17_3478",590,"jneuro;40/17/3478","40/17/3478",40,17,3478,30,21,"40"
"265","40_17_3491",591,"jneuro;40/17/3491","40/17/3491",40,17,3491,44,36,"40"
"266","40_18_3504",566,"jneuro;40/18/3504","40/18/3504",40,18,3504,25,10,"40"
"267","40_18_3517",567,"jneuro;40/18/3517","40/18/3517",40,18,3517,184,156,"40"
"268","40_18_3533",568,"jneuro;40/18/3533","40/18/3533",40,18,3533,57,38,"40"
"269","40_18_3549",569,"jneuro;40/18/3549","40/18/3549",40,18,3549,37,32,"40"
"270","40_18_3564",570,"jneuro;40/18/3564","40/18/3564",40,18,3564,89,29,"40"
"271","40_18_3576",571,"jneuro;40/18/3576","40/18/3576",40,18,3576,63,26,"40"
"272","40_18_3591",572,"jneuro;40/18/3591","40/18/3591",40,18,3591,52,28,"40"
"273","40_18_3604",573,"jneuro;40/18/3604","40/18/3604",40,18,3604,33,12,"40"
"274","40_18_3621",574,"jneuro;40/18/3621","40/18/3621",40,18,3621,68,27,"40"
"275","40_18_3631",575,"jneuro;40/18/3631","40/18/3631",40,18,3631,40,36,"40"
"276","40_18_3646",576,"jneuro;40/18/3646","40/18/3646",40,18,3646,32,18,"40"
"277","40_18_3657",577,"jneuro;40/18/3657","40/18/3657",40,18,3657,40,26,"40"
"278","40_18_3675",578,"jneuro;40/18/3675","40/18/3675",40,18,3675,16,8,"40"
"279","40_19_3694",553,"jneuro;40/19/3694","40/19/3694",40,19,3694,86,50,"40"
"280","40_19_3707",554,"jneuro;40/19/3707","40/19/3707",40,19,3707,39,28,"40"
"281","40_19_3720",555,"jneuro;40/19/3720","40/19/3720",40,19,3720,5,4,"40"
"282","40_19_3741",556,"jneuro;40/19/3741","40/19/3741",40,19,3741,44,30,"40"
"283","40_19_3751",557,"jneuro;40/19/3751","40/19/3751",40,19,3751,36,21,"40"
"284","40_19_3768",558,"jneuro;40/19/3768","40/19/3768",40,19,3768,104,34,"40"
"285","40_19_3783",559,"jneuro;40/19/3783","40/19/3783",40,19,3783,38,33,"40"
"286","40_19_3799",560,"jneuro;40/19/3799","40/19/3799",40,19,3799,70,37,"40"
"287","40_19_3815",561,"jneuro;40/19/3815","40/19/3815",40,19,3815,86,22,"40"
"288","40_19_3827",562,"jneuro;40/19/3827","40/19/3827",40,19,3827,15,8,"40"
"289","40_19_3838",563,"jneuro;40/19/3838","40/19/3838",40,19,3838,31,21,"40"
"290","40_19_3849",564,"jneuro;40/19/3849","40/19/3849",40,19,3849,29,20,"40"
"291","40_19_3862",565,"jneuro;40/19/3862","40/19/3862",40,19,3862,35,30,"40"
"292","40_2_267",797,"jneuro;40/2/267","40/2/267",40,2,267,21,7,"40"
"293","40_2_283",798,"jneuro;40/2/283","40/2/283",40,2,283,3,3,"40"
"294","40_2_297",799,"jneuro;40/2/297","40/2/297",40,2,297,83,63,"40"
"295","40_2_311",800,"jneuro;40/2/311","40/2/311",40,2,311,9,5,"40"
"296","40_2_327",801,"jneuro;40/2/327","40/2/327",40,2,327,12,9,"40"
"297","40_2_343",802,"jneuro;40/2/343","40/2/343",40,2,343,23,8,"40"
"298","40_2_355",803,"jneuro;40/2/355","40/2/355",40,2,355,9,4,"40"
"299","40_2_369",804,"jneuro;40/2/369","40/2/369",40,2,369,29,16,"40"
"300","40_2_382",805,"jneuro;40/2/382","40/2/382",40,2,382,33,21,"40"
"301","40_2_395",806,"jneuro;40/2/395","40/2/395",40,2,395,88,35,"40"
"302","40_2_411",807,"jneuro;40/2/411","40/2/411",40,2,411,14,11,"40"
"303","40_2_424",808,"jneuro;40/2/424","40/2/424",40,2,424,20,0,"40"
"304","40_2_447",809,"jneuro;40/2/447","40/2/447",40,2,447,54,35,"40"
"305","40_2_459",810,"jneuro;40/2/459","40/2/459",40,2,459,45,37,"40"
"306","40_2_478",811,"jneuro;40/2/478","40/2/478",40,2,478,130,110,"40"
"307","40_20_3882",540,"jneuro;40/20/3882","40/20/3882",40,20,3882,47,26,"40"
"308","40_20_3896",541,"jneuro;40/20/3896","40/20/3896",40,20,3896,11,10,"40"
"309","40_20_3915",542,"jneuro;40/20/3915","40/20/3915",40,20,3915,106,80,"40"
"310","40_20_3933",543,"jneuro;40/20/3933","40/20/3933",40,20,3933,21,15,"40"
"311","40_20_3949",544,"jneuro;40/20/3949","40/20/3949",40,20,3949,94,48,"40"
"312","40_20_3969",545,"jneuro;40/20/3969","40/20/3969",40,20,3969,19,11,"40"
"313","40_20_3981",546,"jneuro;40/20/3981","40/20/3981",40,20,3981,58,17,"40"
"314","40_20_3995",547,"jneuro;40/20/3995","40/20/3995",40,20,3995,71,56,"40"
"315","40_20_4010",548,"jneuro;40/20/4010","40/20/4010",40,20,4010,27,25,"40"
"316","40_20_4021",549,"jneuro;40/20/4021","40/20/4021",40,20,4021,73,51,"40"
"317","40_20_4033",550,"jneuro;40/20/4033","40/20/4033",40,20,4033,17,8,"40"
"318","40_20_4042",551,"jneuro;40/20/4042","40/20/4042",40,20,4042,35,21,"40"
"319","40_20_4059",552,"jneuro;40/20/4059","40/20/4059",40,20,4059,6,4,"40"
"320","40_21_4090",527,"jneuro;40/21/4090","40/21/4090",40,21,4090,27,4,"40"
"321","40_21_4103",528,"jneuro;40/21/4103","40/21/4103",40,21,4103,54,36,"40"
"322","40_21_4116",529,"jneuro;40/21/4116","40/21/4116",40,21,4116,13,10,"40"
"323","40_21_4130",530,"jneuro;40/21/4130","40/21/4130",40,21,4130,3,3,"40"
"324","40_21_4145",531,"jneuro;40/21/4145","40/21/4145",40,21,4145,126,62,"40"
"325","40_21_4158",532,"jneuro;40/21/4158","40/21/4158",40,21,4158,85,61,"40"
"326","40_21_4172",533,"jneuro;40/21/4172","40/21/4172",40,21,4172,42,17,"40"
"327","40_21_4185",534,"jneuro;40/21/4185","40/21/4185",40,21,4185,3,2,"40"
"328","40_21_4203",535,"jneuro;40/21/4203","40/21/4203",40,21,4203,14,9,"40"
"329","40_21_4219",536,"jneuro;40/21/4219","40/21/4219",40,21,4219,27,17,"40"
"330","40_21_4230",537,"jneuro;40/21/4230","40/21/4230",40,21,4230,38,28,"40"
"331","40_21_4240",538,"jneuro;40/21/4240","40/21/4240",40,21,4240,43,38,"40"
"332","40_21_4251",539,"jneuro;40/21/4251","40/21/4251",40,21,4251,7,2,"40"
"333","40_22_4266",514,"jneuro;40/22/4266","40/22/4266",40,22,4266,26,16,"40"
"334","40_22_4277",515,"jneuro;40/22/4277","40/22/4277",40,22,4277,51,24,"40"
"335","40_22_4297",516,"jneuro;40/22/4297","40/22/4297",40,22,4297,19,0,"40"
"336","40_22_4309",517,"jneuro;40/22/4309","40/22/4309",40,22,4309,18,13,"40"
"337","40_22_4323",518,"jneuro;40/22/4323","40/22/4323",40,22,4323,76,42,"40"
"338","40_22_4335",519,"jneuro;40/22/4335","40/22/4335",40,22,4335,13,3,"40"
"339","40_22_4348",520,"jneuro;40/22/4348","40/22/4348",40,22,4348,37,14,"40"
"340","40_22_4363",521,"jneuro;40/22/4363","40/22/4363",40,22,4363,29,15,"40"
"341","40_22_4372",522,"jneuro;40/22/4372","40/22/4372",40,22,4372,52,33,"40"
"342","40_22_4391",523,"jneuro;40/22/4391","40/22/4391",40,22,4391,108,40,"40"
"343","40_22_4401",524,"jneuro;40/22/4401","40/22/4401",40,22,4401,19,15,"40"
"344","40_22_4410",525,"jneuro;40/22/4410","40/22/4410",40,22,4410,36,16,"40"
"345","40_22_4418",526,"jneuro;40/22/4418","40/22/4418",40,22,4418,75,45,"40"
"346","40_23_4439",501,"jneuro;40/23/4439","40/23/4439",40,23,4439,195,85,"40"
"347","40_23_4457",502,"jneuro;40/23/4457","40/23/4457",40,23,4457,4,4,"40"
"348","40_23_4469",503,"jneuro;40/23/4469","40/23/4469",40,23,4469,46,23,"40"
"349","40_23_4483",504,"jneuro;40/23/4483","40/23/4483",40,23,4483,11,1,"40"
"350","40_23_4512",505,"jneuro;40/23/4512","40/23/4512",40,23,4512,19,9,"40"
"351","40_23_4525",506,"jneuro;40/23/4525","40/23/4525",40,23,4525,10,5,"40"
"352","40_23_4536",507,"jneuro;40/23/4536","40/23/4536",40,23,4536,5,4,"40"
"353","40_23_4551",508,"jneuro;40/23/4551","40/23/4551",40,23,4551,58,34,"40"
"354","40_23_4565",509,"jneuro;40/23/4565","40/23/4565",40,23,4565,72,42,"40"
"355","40_23_4576",510,"jneuro;40/23/4576","40/23/4576",40,23,4576,36,26,"40"
"356","40_23_4586",511,"jneuro;40/23/4586","40/23/4586",40,23,4586,32,21,"40"
"357","40_23_4596",512,"jneuro;40/23/4596","40/23/4596",40,23,4596,77,32,"40"
"358","40_23_4609",513,"jneuro;40/23/4609","40/23/4609",40,23,4609,78,64,"40"
"359","40_24_4622",488,"jneuro;40/24/4622","40/24/4622",40,24,4622,655,385,"40"
"360","40_24_4644",489,"jneuro;40/24/4644","40/24/4644",40,24,4644,54,47,"40"
"361","40_24_4661",490,"jneuro;40/24/4661","40/24/4661",40,24,4661,0,0,"40"
"362","40_24_4673",491,"jneuro;40/24/4673","40/24/4673",40,24,4673,25,18,"40"
"363","40_24_4685",492,"jneuro;40/24/4685","40/24/4685",40,24,4685,22,13,"40"
"364","40_24_4700",493,"jneuro;40/24/4700","40/24/4700",40,24,4700,13,1,"40"
"365","40_24_4715",494,"jneuro;40/24/4715","40/24/4715",40,24,4715,94,57,"40"
"366","40_24_4727",495,"jneuro;40/24/4727","40/24/4727",40,24,4727,36,19,"40"
"367","40_24_4739",496,"jneuro;40/24/4739","40/24/4739",40,24,4739,59,27,"40"
"368","40_24_4750",497,"jneuro;40/24/4750","40/24/4750",40,24,4750,102,30,"40"
"369","40_24_4761",498,"jneuro;40/24/4761","40/24/4761",40,24,4761,21,8,"40"
"370","40_24_4773",499,"jneuro;40/24/4773","40/24/4773",40,24,4773,78,35,"40"
"371","40_24_4788",500,"jneuro;40/24/4788","40/24/4788",40,24,4788,74,22,"40"
"372","40_25_4798",475,"jneuro;40/25/4798","40/25/4798",40,25,4798,22,16,"40"
"373","40_25_4813",476,"jneuro;40/25/4813","40/25/4813",40,25,4813,20,3,"40"
"374","40_25_4824",477,"jneuro;40/25/4824","40/25/4824",40,25,4824,63,49,"40"
"375","40_25_4842",478,"jneuro;40/25/4842","40/25/4842",40,25,4842,109,44,"40"
"376","40_25_4858",479,"jneuro;40/25/4858","40/25/4858",40,25,4858,345,118,"40"
"377","40_25_4881",480,"jneuro;40/25/4881","40/25/4881",40,25,4881,15,13,"40"
"378","40_25_4888",481,"jneuro;40/25/4888","40/25/4888",40,25,4888,39,24,"40"
"379","40_25_4900",482,"jneuro;40/25/4900","40/25/4900",40,25,4900,58,47,"40"
"380","40_25_4913",483,"jneuro;40/25/4913","40/25/4913",40,25,4913,3,3,"40"
"381","40_25_4925",484,"jneuro;40/25/4925","40/25/4925",40,25,4925,16,8,"40"
"382","40_25_4936",485,"jneuro;40/25/4936","40/25/4936",40,25,4936,43,34,"40"
"383","40_25_4945",486,"jneuro;40/25/4945","40/25/4945",40,25,4945,24,12,"40"
"384","40_25_4954",487,"jneuro;40/25/4954","40/25/4954",40,25,4954,41,24,"40"
"385","40_26_4972",462,"jneuro;40/26/4972","40/26/4972",40,26,4972,37,24,"40"
"386","40_26_4981",463,"jneuro;40/26/4981","40/26/4981",40,26,4981,152,93,"40"
"387","40_26_4997",464,"jneuro;40/26/4997","40/26/4997",40,26,4997,49,38,"40"
"388","40_26_5008",465,"jneuro;40/26/5008","40/26/5008",40,26,5008,37,21,"40"
"389","40_26_5019",466,"jneuro;40/26/5019","40/26/5019",40,26,5019,14,3,"40"
"390","40_26_5033",467,"jneuro;40/26/5033","40/26/5033",40,26,5033,93,47,"40"
"391","40_26_5051",468,"jneuro;40/26/5051","40/26/5051",40,26,5051,8,5,"40"
"392","40_26_5063",469,"jneuro;40/26/5063","40/26/5063",40,26,5063,68,36,"40"
"393","40_26_5078",470,"jneuro;40/26/5078","40/26/5078",40,26,5078,0,0,"40"
"394","40_26_5090",471,"jneuro;40/26/5090","40/26/5090",40,26,5090,13,4,"40"
"395","40_26_5105",472,"jneuro;40/26/5105","40/26/5105",40,26,5105,21,15,"40"
"396","40_26_5116",473,"jneuro;40/26/5116","40/26/5116",40,26,5116,226,82,"40"
"397","40_26_5137",474,"jneuro;40/26/5137","40/26/5137",40,26,5137,9,7,"40"
"398","40_27_5161",449,"jneuro;40/27/5161","40/27/5161",40,27,5161,192,113,"40"
"399","40_27_5177",450,"jneuro;40/27/5177","40/27/5177",40,27,5177,1,1,"40"
"400","40_27_5196",451,"jneuro;40/27/5196","40/27/5196",40,27,5196,60,34,"40"
"401","40_27_5208",452,"jneuro;40/27/5208","40/27/5208",40,27,5208,13,8,"40"
"402","40_27_5214",453,"jneuro;40/27/5214","40/27/5214",40,27,5214,52,47,"40"
"403","40_27_5228",454,"jneuro;40/27/5228","40/27/5228",40,27,5228,43,21,"40"
"404","40_27_5247",455,"jneuro;40/27/5247","40/27/5247",40,27,5247,36,12,"40"
"405","40_27_5264",456,"jneuro;40/27/5264","40/27/5264",40,27,5264,37,17,"40"
"406","40_27_5273",457,"jneuro;40/27/5273","40/27/5273",40,27,5273,36,16,"40"
"407","40_27_5283",458,"jneuro;40/27/5283","40/27/5283",40,27,5283,40,31,"40"
"408","40_27_5300",459,"jneuro;40/27/5300","40/27/5300",40,27,5300,18,8,"40"
"409","40_27_5314",460,"jneuro;40/27/5314","40/27/5314",40,27,5314,19,5,"40"
"410","40_27_5327",461,"jneuro;40/27/5327","40/27/5327",40,27,5327,26,18,"40"
"411","40_28_5347",436,"jneuro;40/28/5347","40/28/5347",40,28,5347,70,42,"40"
"412","40_28_5362",437,"jneuro;40/28/5362","40/28/5362",40,28,5362,45,38,"40"
"413","40_28_5376",438,"jneuro;40/28/5376","40/28/5376",40,28,5376,46,28,"40"
"414","40_28_5389",439,"jneuro;40/28/5389","40/28/5389",40,28,5389,60,30,"40"
"415","40_28_5402",440,"jneuro;40/28/5402","40/28/5402",40,28,5402,48,27,"40"
"416","40_28_5413",441,"jneuro;40/28/5413","40/28/5413",40,28,5413,130,124,"40"
"417","40_28_5431",442,"jneuro;40/28/5431","40/28/5431",40,28,5431,65,7,"40"
"418","40_28_5443",443,"jneuro;40/28/5443","40/28/5443",40,28,5443,15,3,"40"
"419","40_28_5455",444,"jneuro;40/28/5455","40/28/5455",40,28,5455,35,28,"40"
"420","40_28_5465",445,"jneuro;40/28/5465","40/28/5465",40,28,5465,0,0,"40"
"421","40_28_5471",446,"jneuro;40/28/5471","40/28/5471",40,28,5471,35,9,"40"
"422","40_28_5480",447,"jneuro;40/28/5480","40/28/5480",40,28,5480,162,110,"40"
"423","40_28_5495",448,"jneuro;40/28/5495","40/28/5495",40,28,5495,82,31,"40"
"424","40_29_5518",423,"jneuro;40/29/5518","40/29/5518",40,29,5518,64,49,"40"
"425","40_29_5531",424,"jneuro;40/29/5531","40/29/5531",40,29,5531,77,54,"40"
"426","40_29_5549",425,"jneuro;40/29/5549","40/29/5549",40,29,5549,22,15,"40"
"427","40_29_5561",426,"jneuro;40/29/5561","40/29/5561",40,29,5561,17,13,"40"
"428","40_29_5572",427,"jneuro;40/29/5572","40/29/5572",40,29,5572,13,6,"40"
"429","40_29_5589",428,"jneuro;40/29/5589","40/29/5589",40,29,5589,7,4,"40"
"430","40_29_5604",429,"jneuro;40/29/5604","40/29/5604",40,29,5604,5,4,"40"
"431","40_29_5616",430,"jneuro;40/29/5616","40/29/5616",40,29,5616,64,52,"40"
"432","40_29_5628",431,"jneuro;40/29/5628","40/29/5628",40,29,5628,103,42,"40"
"433","40_29_5644",432,"jneuro;40/29/5644","40/29/5644",40,29,5644,49,35,"40"
"434","40_29_5658",433,"jneuro;40/29/5658","40/29/5658",40,29,5658,26,18,"40"
"435","40_29_5669",434,"jneuro;40/29/5669","40/29/5669",40,29,5669,39,27,"40"
"436","40_29_5681",435,"jneuro;40/29/5681","40/29/5681",40,29,5681,136,109,"40"
"437","40_3_496",782,"jneuro;40/3/496","40/3/496",40,3,496,23,9,"40"
"438","40_3_509",783,"jneuro;40/3/509","40/3/509",40,3,509,23,10,"40"
"439","40_3_526",784,"jneuro;40/3/526","40/3/526",40,3,526,147,101,"40"
"440","40_3_542",785,"jneuro;40/3/542","40/3/542",40,3,542,36,26,"40"
"441","40_3_557",786,"jneuro;40/3/557","40/3/557",40,3,557,20,11,"40"
"442","40_3_569",787,"jneuro;40/3/569","40/3/569",40,3,569,43,26,"40"
"443","40_3_585",788,"jneuro;40/3/585","40/3/585",40,3,585,186,88,"40"
"444","40_3_605",789,"jneuro;40/3/605","40/3/605",40,3,605,372,262,"40"
"445","40_3_619",790,"jneuro;40/3/619","40/3/619",40,3,619,18,12,"40"
"446","40_3_632",791,"jneuro;40/3/632","40/3/632",40,3,632,185,95,"40"
"447","40_3_648",792,"jneuro;40/3/648","40/3/648",40,3,648,33,16,"40"
"448","40_3_661",793,"jneuro;40/3/661","40/3/661",40,3,661,27,12,"40"
"449","40_3_671",794,"jneuro;40/3/671","40/3/671",40,3,671,36,19,"40"
"450","40_3_682",795,"jneuro;40/3/682","40/3/682",40,3,682,35,14,"40"
"451","40_3_694",796,"jneuro;40/3/694","40/3/694",40,3,694,136,94,"40"
"452","40_30_5709",410,"jneuro;40/30/5709","40/30/5709",40,30,5709,3,2,"40"
"453","40_30_5724",411,"jneuro;40/30/5724","40/30/5724",40,30,5724,31,24,"40"
"454","40_30_5740",412,"jneuro;40/30/5740","40/30/5740",40,30,5740,114,70,"40"
"455","40_30_5757",413,"jneuro;40/30/5757","40/30/5757",40,30,5757,45,21,"40"
"456","40_30_5769",414,"jneuro;40/30/5769","40/30/5769",40,30,5769,107,71,"40"
"457","40_30_5785",415,"jneuro;40/30/5785","40/30/5785",40,30,5785,6,5,"40"
"458","40_30_5797",416,"jneuro;40/30/5797","40/30/5797",40,30,5797,10,8,"40"
"459","40_30_5807",417,"jneuro;40/30/5807","40/30/5807",40,30,5807,0,0,"40"
"460","40_30_5820",418,"jneuro;40/30/5820","40/30/5820",40,30,5820,10,5,"40"
"461","40_30_5833",419,"jneuro;40/30/5833","40/30/5833",40,30,5833,32,15,"40"
"462","40_30_5847",420,"jneuro;40/30/5847","40/30/5847",40,30,5847,57,28,"40"
"463","40_30_5857",421,"jneuro;40/30/5857","40/30/5857",40,30,5857,67,41,"40"
"464","40_30_5871",422,"jneuro;40/30/5871","40/30/5871",40,30,5871,71,59,"40"
"465","40_31_5894",397,"jneuro;40/31/5894","40/31/5894",40,31,5894,59,27,"40"
"466","40_31_5908",398,"jneuro;40/31/5908","40/31/5908",40,31,5908,58,51,"40"
"467","40_31_5922",399,"jneuro;40/31/5922","40/31/5922",40,31,5922,28,10,"40"
"468","40_31_5937",400,"jneuro;40/31/5937","40/31/5937",40,31,5937,24,20,"40"
"469","40_31_5954",401,"jneuro;40/31/5954","40/31/5954",40,31,5954,0,0,"40"
"470","40_31_5970",402,"jneuro;40/31/5970","40/31/5970",40,31,5970,28,18,"40"
"471","40_31_5990",403,"jneuro;40/31/5990","40/31/5990",40,31,5990,12,0,"40"
"472","40_31_6007",404,"jneuro;40/31/6007","40/31/6007",40,31,6007,52,19,"40"
"473","40_31_6018",405,"jneuro;40/31/6018","40/31/6018",40,31,6018,57,51,"40"
"474","40_31_6035",406,"jneuro;40/31/6035","40/31/6035",40,31,6035,100,72,"40"
"475","40_31_6049",407,"jneuro;40/31/6049","40/31/6049",40,31,6049,50,30,"40"
"476","40_31_6068",408,"jneuro;40/31/6068","40/31/6068",40,31,6068,107,54,"40"
"477","40_31_6082",409,"jneuro;40/31/6082","40/31/6082",40,31,6082,34,18,"40"
"478","40_32_6103",384,"jneuro;40/32/6103","40/32/6103",40,32,6103,10,8,"40"
"479","40_32_6112",385,"jneuro;40/32/6112","40/32/6112",40,32,6112,24,10,"40"
"480","40_32_6121",386,"jneuro;40/32/6121","40/32/6121",40,32,6121,24,13,"40"
"481","40_32_6133",387,"jneuro;40/32/6133","40/32/6133",40,32,6133,80,51,"40"
"482","40_32_6146",388,"jneuro;40/32/6146","40/32/6146",40,32,6146,107,68,"40"
"483","40_32_6165",389,"jneuro;40/32/6165","40/32/6165",40,32,6165,17,11,"40"
"484","40_32_6177",390,"jneuro;40/32/6177","40/32/6177",40,32,6177,32,6,"40"
"485","40_32_6189",391,"jneuro;40/32/6189","40/32/6189",40,32,6189,28,12,"40"
"486","40_32_6207",392,"jneuro;40/32/6207","40/32/6207",40,32,6207,18,8,"40"
"487","40_32_6219",393,"jneuro;40/32/6219","40/32/6219",40,32,6219,10,7,"40"
"488","40_32_6228",394,"jneuro;40/32/6228","40/32/6228",40,32,6228,30,19,"40"
"489","40_32_6234",395,"jneuro;40/32/6234","40/32/6234",40,32,6234,89,44,"40"
"490","40_32_6250",396,"jneuro;40/32/6250","40/32/6250",40,32,6250,45,26,"40"
"491","40_33_6270",371,"jneuro;40/33/6270","40/33/6270",40,33,6270,65,40,"40"
"492","40_33_6289",372,"jneuro;40/33/6289","40/33/6289",40,33,6289,57,33,"40"
"493","40_33_6309",373,"jneuro;40/33/6309","40/33/6309",40,33,6309,9,8,"40"
"494","40_33_6328",374,"jneuro;40/33/6328","40/33/6328",40,33,6328,32,22,"40"
"495","40_33_6345",375,"jneuro;40/33/6345","40/33/6345",40,33,6345,27,16,"40"
"496","40_33_6357",376,"jneuro;40/33/6357","40/33/6357",40,33,6357,1,0,"40"
"497","40_33_6367",377,"jneuro;40/33/6367","40/33/6367",40,33,6367,6,5,"40"
"498","40_33_6379",378,"jneuro;40/33/6379","40/33/6379",40,33,6379,79,46,"40"
"499","40_33_6389",379,"jneuro;40/33/6389","40/33/6389",40,33,6389,26,15,"40"
"500","40_33_6398",380,"jneuro;40/33/6398","40/33/6398",40,33,6398,73,64,"40"
"501","40_33_6409",381,"jneuro;40/33/6409","40/33/6409",40,33,6409,99,61,"40"
"502","40_33_6428",382,"jneuro;40/33/6428","40/33/6428",40,33,6428,96,84,"40"
"503","40_33_6444",383,"jneuro;40/33/6444","40/33/6444",40,33,6444,83,33,"40"
"504","40_34_6477",358,"jneuro;40/34/6477","40/34/6477",40,34,6477,78,63,"40"
"505","40_34_6489",359,"jneuro;40/34/6489","40/34/6489",40,34,6489,19,19,"40"
"506","40_34_6503",360,"jneuro;40/34/6503","40/34/6503",40,34,6503,74,72,"40"
"507","40_34_6522",361,"jneuro;40/34/6522","40/34/6522",40,34,6522,130,106,"40"
"508","40_34_6536",362,"jneuro;40/34/6536","40/34/6536",40,34,6536,130,33,"40"
"509","40_34_6557",363,"jneuro;40/34/6557","40/34/6557",40,34,6557,70,36,"40"
"510","40_34_6572",364,"jneuro;40/34/6572","40/34/6572",40,34,6572,10,7,"40"
"511","40_34_6584",365,"jneuro;40/34/6584","40/34/6584",40,34,6584,31,4,"40"
"512","40_34_6600",366,"jneuro;40/34/6600","40/34/6600",40,34,6600,11,7,"40"
"513","40_34_6613",367,"jneuro;40/34/6613","40/34/6613",40,34,6613,27,19,"40"
"514","40_34_6624",368,"jneuro;40/34/6624","40/34/6624",40,34,6624,56,33,"40"
"515","40_34_6638",369,"jneuro;40/34/6638","40/34/6638",40,34,6638,23,20,"40"
"516","40_34_6649",370,"jneuro;40/34/6649","40/34/6649",40,34,6649,12,3,"40"
"517","40_35_6664",345,"jneuro;40/35/6664","40/35/6664",40,35,6664,33,0,"40"
"518","40_35_6678",346,"jneuro;40/35/6678","40/35/6678",40,35,6678,11,6,"40"
"519","40_35_6691",347,"jneuro;40/35/6691","40/35/6691",40,35,6691,11,8,"40"
"520","40_35_6709",348,"jneuro;40/35/6709","40/35/6709",40,35,6709,68,44,"40"
"521","40_35_6722",349,"jneuro;40/35/6722","40/35/6722",40,35,6722,34,24,"40"
"522","40_35_6732",350,"jneuro;40/35/6732","40/35/6732",40,35,6732,73,64,"40"
"523","40_35_6748",351,"jneuro;40/35/6748","40/35/6748",40,35,6748,16,9,"40"
"524","40_35_6759",352,"jneuro;40/35/6759","40/35/6759",40,35,6759,28,21,"40"
"525","40_35_6770",353,"jneuro;40/35/6770","40/35/6770",40,35,6770,25,12,"40"
"526","40_35_6779",354,"jneuro;40/35/6779","40/35/6779",40,35,6779,2,1,"40"
"527","40_35_6790",355,"jneuro;40/35/6790","40/35/6790",40,35,6790,41,33,"40"
"528","40_35_6801",356,"jneuro;40/35/6801","40/35/6801",40,35,6801,23,16,"40"
"529","40_35_6812",357,"jneuro;40/35/6812","40/35/6812",40,35,6812,10,7,"40"
"530","40_36_6825",332,"jneuro;40/36/6825","40/36/6825",40,36,6825,28,20,"40"
"531","40_36_6842",333,"jneuro;40/36/6842","40/36/6842",40,36,6842,104,52,"40"
"532","40_36_6854",334,"jneuro;40/36/6854","40/36/6854",40,36,6854,99,69,"40"
"533","40_36_6872",335,"jneuro;40/36/6872","40/36/6872",40,36,6872,13,10,"40"
"534","40_36_6888",336,"jneuro;40/36/6888","40/36/6888",40,36,6888,11,8,"40"
"535","40_36_6896",337,"jneuro;40/36/6896","40/36/6896",40,36,6896,51,24,"40"
"536","40_36_6910",338,"jneuro;40/36/6910","40/36/6910",40,36,6910,109,39,"40"
"537","40_36_6927",339,"jneuro;40/36/6927","40/36/6927",40,36,6927,16,7,"40"
"538","40_36_6938",340,"jneuro;40/36/6938","40/36/6938",40,36,6938,12,9,"40"
"539","40_36_6949",341,"jneuro;40/36/6949","40/36/6949",40,36,6949,62,45,"40"
"540","40_36_6969",342,"jneuro;40/36/6969","40/36/6969",40,36,6969,10,10,"40"
"541","40_36_6978",343,"jneuro;40/36/6978","40/36/6978",40,36,6978,56,29,"40"
"542","40_36_6991",344,"jneuro;40/36/6991","40/36/6991",40,36,6991,47,26,"40"
"543","40_37_7013",319,"jneuro;40/37/7013","40/37/7013",40,37,7013,112,89,"40"
"544","40_37_7027",320,"jneuro;40/37/7027","40/37/7027",40,37,7027,67,35,"40"
"545","40_37_7043",321,"jneuro;40/37/7043","40/37/7043",40,37,7043,48,25,"40"
"546","40_37_7054",322,"jneuro;40/37/7054","40/37/7054",40,37,7054,41,18,"40"
"547","40_37_7065",323,"jneuro;40/37/7065","40/37/7065",40,37,7065,6,3,"40"
"548","40_37_7080",324,"jneuro;40/37/7080","40/37/7080",40,37,7080,45,34,"40"
"549","40_37_7091",325,"jneuro;40/37/7091","40/37/7091",40,37,7091,90,71,"40"
"550","40_37_7105",326,"jneuro;40/37/7105","40/37/7105",40,37,7105,31,19,"40"
"551","40_37_7119",327,"jneuro;40/37/7119","40/37/7119",40,37,7119,79,31,"40"
"552","40_37_7133",328,"jneuro;40/37/7133","40/37/7133",40,37,7133,41,24,"40"
"553","40_37_7142",329,"jneuro;40/37/7142","40/37/7142",40,37,7142,63,31,"40"
"554","40_37_7155",330,"jneuro;40/37/7155","40/37/7155",40,37,7155,46,36,"40"
"555","40_37_7169",331,"jneuro;40/37/7169","40/37/7169",40,37,7169,76,34,"40"
"556","40_38_7203",306,"jneuro;40/38/7203","40/38/7203",40,38,7203,137,110,"40"
"557","40_38_7216",307,"jneuro;40/38/7216","40/38/7216",40,38,7216,13,9,"40"
"558","40_38_7229",308,"jneuro;40/38/7229","40/38/7229",40,38,7229,17,0,"40"
"559","40_38_7241",309,"jneuro;40/38/7241","40/38/7241",40,38,7241,32,26,"40"
"560","40_38_7255",310,"jneuro;40/38/7255","40/38/7255",40,38,7255,80,50,"40"
"561","40_38_7269",311,"jneuro;40/38/7269","40/38/7269",40,38,7269,43,12,"40"
"562","40_38_7286",312,"jneuro;40/38/7286","40/38/7286",40,38,7286,19,13,"40"
"563","40_38_7300",313,"jneuro;40/38/7300","40/38/7300",40,38,7300,38,16,"40"
"564","40_38_7311",314,"jneuro;40/38/7311","40/38/7311",40,38,7311,0,0,"40"
"565","40_38_7318",315,"jneuro;40/38/7318","40/38/7318",40,38,7318,22,11,"40"
"566","40_38_7326",316,"jneuro;40/38/7326","40/38/7326",40,38,7326,9,0,"40"
"567","40_38_7343",317,"jneuro;40/38/7343","40/38/7343",40,38,7343,17,10,"40"
"568","40_38_7355",318,"jneuro;40/38/7355","40/38/7355",40,38,7355,276,233,"40"
"569","40_39_7390",293,"jneuro;40/39/7390","40/39/7390",40,39,7390,10,8,"40"
"570","40_39_7405",294,"jneuro;40/39/7405","40/39/7405",40,39,7405,79,74,"40"
"571","40_39_7421",295,"jneuro;40/39/7421","40/39/7421",40,39,7421,59,58,"40"
"572","40_39_7436",296,"jneuro;40/39/7436","40/39/7436",40,39,7436,30,11,"40"
"573","40_39_7451",297,"jneuro;40/39/7451","40/39/7451",40,39,7451,44,30,"40"
"574","40_39_7464",298,"jneuro;40/39/7464","40/39/7464",40,39,7464,67,25,"40"
"575","40_39_7475",299,"jneuro;40/39/7475","40/39/7475",40,39,7475,55,49,"40"
"576","40_39_7489",300,"jneuro;40/39/7489","40/39/7489",40,39,7489,14,8,"40"
"577","40_39_7510",301,"jneuro;40/39/7510","40/39/7510",40,39,7510,44,33,"40"
"578","40_39_7523",302,"jneuro;40/39/7523","40/39/7523",40,39,7523,17,11,"40"
"579","40_39_7531",303,"jneuro;40/39/7531","40/39/7531",40,39,7531,105,47,"40"
"580","40_39_7545",304,"jneuro;40/39/7545","40/39/7545",40,39,7545,23,15,"40"
"581","40_39_7559",305,"jneuro;40/39/7559","40/39/7559",40,39,7559,53,25,"40"
"582","40_4_729",767,"jneuro;40/4/729","40/4/729",40,4,729,56,35,"40"
"583","40_4_743",768,"jneuro;40/4/743","40/4/743",40,4,743,21,14,"40"
"584","40_4_769",769,"jneuro;40/4/769","40/4/769",40,4,769,220,76,"40"
"585","40_4_784",770,"jneuro;40/4/784","40/4/784",40,4,784,27,17,"40"
"586","40_4_796",771,"jneuro;40/4/796","40/4/796",40,4,796,28,17,"40"
"587","40_4_811",772,"jneuro;40/4/811","40/4/811",40,4,811,19,12,"40"
"588","40_4_825",773,"jneuro;40/4/825","40/4/825",40,4,825,19,11,"40"
"589","40_4_843",774,"jneuro;40/4/843","40/4/843",40,4,843,39,24,"40"
"590","40_4_852",775,"jneuro;40/4/852","40/4/852",40,4,852,62,39,"40"
"591","40_4_864",776,"jneuro;40/4/864","40/4/864",40,4,864,0,0,"40"
"592","40_4_880",777,"jneuro;40/4/880","40/4/880",40,4,880,41,19,"40"
"593","40_4_894",778,"jneuro;40/4/894","40/4/894",40,4,894,45,29,"40"
"594","40_4_907",779,"jneuro;40/4/907","40/4/907",40,4,907,16,15,"40"
"595","40_4_917",780,"jneuro;40/4/917","40/4/917",40,4,917,13,8,"40"
"596","40_4_932",781,"jneuro;40/4/932","40/4/932",40,4,932,33,27,"40"
"597","40_40_7593",280,"jneuro;40/40/7593","40/40/7593",40,40,7593,3,3,"40"
"598","40_40_7609",281,"jneuro;40/40/7609","40/40/7609",40,40,7609,39,29,"40"
"599","40_40_7625",282,"jneuro;40/40/7625","40/40/7625",40,40,7625,10,7,"40"
"600","40_40_7637",283,"jneuro;40/40/7637","40/40/7637",40,40,7637,44,29,"40"
"601","40_40_7651",284,"jneuro;40/40/7651","40/40/7651",40,40,7651,17,11,"40"
"602","40_40_7668",285,"jneuro;40/40/7668","40/40/7668",40,40,7668,78,60,"40"
"603","40_40_7688",286,"jneuro;40/40/7688","40/40/7688",40,40,7688,36,29,"40"
"604","40_40_7702",287,"jneuro;40/40/7702","40/40/7702",40,40,7702,20,9,"40"
"605","40_40_7714",288,"jneuro;40/40/7714","40/40/7714",40,40,7714,27,9,"40"
"606","40_40_7724",289,"jneuro;40/40/7724","40/40/7724",40,40,7724,68,52,"40"
"607","40_40_7739",290,"jneuro;40/40/7739","40/40/7739",40,40,7739,38,27,"40"
"608","40_40_7749",291,"jneuro;40/40/7749","40/40/7749",40,40,7749,49,20,"40"
"609","40_40_7759",292,"jneuro;40/40/7759","40/40/7759",40,40,7759,62,43,"40"
"610","40_41_7785",267,"jneuro;40/41/7785","40/41/7785",40,41,7785,4,1,"40"
"611","40_41_7795",268,"jneuro;40/41/7795","40/41/7795",40,41,7795,132,63,"40"
"612","40_41_7811",269,"jneuro;40/41/7811","40/41/7811",40,41,7811,6,1,"40"
"613","40_41_7837",270,"jneuro;40/41/7837","40/41/7837",40,41,7837,34,26,"40"
"614","40_41_7855",271,"jneuro;40/41/7855","40/41/7855",40,41,7855,72,37,"40"
"615","40_41_7877",272,"jneuro;40/41/7877","40/41/7877",40,41,7877,24,23,"40"
"616","40_41_7887",273,"jneuro;40/41/7887","40/41/7887",40,41,7887,30,13,"40"
"617","40_41_7902",274,"jneuro;40/41/7902","40/41/7902",40,41,7902,35,9,"40"
"618","40_41_7921",275,"jneuro;40/41/7921","40/41/7921",40,41,7921,5,4,"40"
"619","40_41_7936",276,"jneuro;40/41/7936","40/41/7936",40,41,7936,6,1,"40"
"620","40_41_7949",277,"jneuro;40/41/7949","40/41/7949",40,41,7949,21,17,"40"
"621","40_41_7965",278,"jneuro;40/41/7965","40/41/7965",40,41,7965,48,37,"40"
"622","40_41_7980",279,"jneuro;40/41/7980","40/41/7980",40,41,7980,90,47,"40"
"623","40_42_7999",254,"jneuro;40/42/7999","40/42/7999",40,42,7999,0,0,"40"
"624","40_42_8025",255,"jneuro;40/42/8025","40/42/8025",40,42,8025,63,44,"40"
"625","40_42_8042",256,"jneuro;40/42/8042","40/42/8042",40,42,8042,20,14,"40"
"626","40_42_8055",257,"jneuro;40/42/8055","40/42/8055",40,42,8055,72,57,"40"
"627","40_42_8070",258,"jneuro;40/42/8070","40/42/8070",40,42,8070,283,249,"40"
"628","40_42_8088",259,"jneuro;40/42/8088","40/42/8088",40,42,8088,58,35,"40"
"629","40_42_8103",260,"jneuro;40/42/8103","40/42/8103",40,42,8103,19,7,"40"
"630","40_42_8119",261,"jneuro;40/42/8119","40/42/8119",40,42,8119,39,22,"40"
"631","40_42_8132",262,"jneuro;40/42/8132","40/42/8132",40,42,8132,1,1,"40"
"632","40_42_8149",263,"jneuro;40/42/8149","40/42/8149",40,42,8149,63,47,"40"
"633","40_42_8160",264,"jneuro;40/42/8160","40/42/8160",40,42,8160,10,10,"40"
"634","40_42_8174",265,"jneuro;40/42/8174","40/42/8174",40,42,8174,4,3,"40"
"635","40_42_8188",266,"jneuro;40/42/8188","40/42/8188",40,42,8188,141,96,"40"
"636","40_43_8214",241,"jneuro;40/43/8214","40/43/8214",40,43,8214,137,61,"40"
"637","40_43_8233",242,"jneuro;40/43/8233","40/43/8233",40,43,8233,17,10,"40"
"638","40_43_8248",243,"jneuro;40/43/8248","40/43/8248",40,43,8248,20,14,"40"
"639","40_43_8262",244,"jneuro;40/43/8262","40/43/8262",40,43,8262,45,35,"40"
"640","40_43_8276",245,"jneuro;40/43/8276","40/43/8276",40,43,8276,198,86,"40"
"641","40_43_8292",246,"jneuro;40/43/8292","40/43/8292",40,43,8292,32,17,"40"
"642","40_43_8306",247,"jneuro;40/43/8306","40/43/8306",40,43,8306,33,19,"40"
"643","40_43_8329",248,"jneuro;40/43/8329","40/43/8329",40,43,8329,22,15,"40"
"644","40_43_8343",249,"jneuro;40/43/8343","40/43/8343",40,43,8343,33,20,"40"
"645","40_43_8355",250,"jneuro;40/43/8355","40/43/8355",40,43,8355,39,19,"40"
"646","40_43_8367",251,"jneuro;40/43/8367","40/43/8367",40,43,8367,100,59,"40"
"647","40_43_8386",252,"jneuro;40/43/8386","40/43/8386",40,43,8386,25,12,"40"
"648","40_43_8396",253,"jneuro;40/43/8396","40/43/8396",40,43,8396,66,49,"40"
"649","40_44_8413",228,"jneuro;40/44/8413","40/44/8413",40,44,8413,53,30,"40"
"650","40_44_8426",229,"jneuro;40/44/8426","40/44/8426",40,44,8426,18,14,"40"
"651","40_44_8438",230,"jneuro;40/44/8438","40/44/8438",40,44,8438,223,158,"40"
"652","40_44_8463",231,"jneuro;40/44/8463","40/44/8463",40,44,8463,115,75,"40"
"653","40_44_8478",232,"jneuro;40/44/8478","40/44/8478",40,44,8478,25,13,"40"
"654","40_44_8491",233,"jneuro;40/44/8491","40/44/8491",40,44,8491,24,10,"40"
"655","40_44_8501",234,"jneuro;40/44/8501","40/44/8501",40,44,8501,152,95,"40"
"656","40_44_8513",235,"jneuro;40/44/8513","40/44/8513",40,44,8513,5,2,"40"
"657","40_44_8530",236,"jneuro;40/44/8530","40/44/8530",40,44,8530,12,2,"40"
"658","40_44_8543",237,"jneuro;40/44/8543","40/44/8543",40,44,8543,74,33,"40"
"659","40_44_8556",238,"jneuro;40/44/8556","40/44/8556",40,44,8556,23,13,"40"
"660","40_44_8573",239,"jneuro;40/44/8573","40/44/8573",40,44,8573,38,32,"40"
"661","40_44_8587",240,"jneuro;40/44/8587","40/44/8587",40,44,8587,29,15,"40"
"662","40_45_8604",215,"jneuro;40/45/8604","40/45/8604",40,45,8604,71,37,"40"
"663","40_45_8618",216,"jneuro;40/45/8618","40/45/8618",40,45,8618,56,53,"40"
"664","40_45_8629",217,"jneuro;40/45/8629","40/45/8629",40,45,8629,5,4,"40"
"665","40_45_8637",218,"jneuro;40/45/8637","40/45/8637",40,45,8637,66,40,"40"
"666","40_45_8652",219,"jneuro;40/45/8652","40/45/8652",40,45,8652,143,89,"40"
"667","40_45_8669",220,"jneuro;40/45/8669","40/45/8669",40,45,8669,99,55,"40"
"668","40_45_8683",221,"jneuro;40/45/8683","40/45/8683",40,45,8683,73,43,"40"
"669","40_45_8698",222,"jneuro;40/45/8698","40/45/8698",40,45,8698,106,59,"40"
"670","40_45_8715",223,"jneuro;40/45/8715","40/45/8715",40,45,8715,65,46,"40"
"671","40_45_8726",224,"jneuro;40/45/8726","40/45/8726",40,45,8726,47,16,"40"
"672","40_45_8734",225,"jneuro;40/45/8734","40/45/8734",40,45,8734,31,27,"40"
"673","40_45_8746",226,"jneuro;40/45/8746","40/45/8746",40,45,8746,213,132,"40"
"674","40_45_8767",227,"jneuro;40/45/8767","40/45/8767",40,45,8767,63,38,"40"
"675","40_46_8799",202,"jneuro;40/46/8799","40/46/8799",40,46,8799,13,9,"40"
"676","40_46_8816",203,"jneuro;40/46/8816","40/46/8816",40,46,8816,23,5,"40"
"677","40_46_8831",204,"jneuro;40/46/8831","40/46/8831",40,46,8831,138,59,"40"
"678","40_46_8842",205,"jneuro;40/46/8842","40/46/8842",40,46,8842,95,54,"40"
"679","40_46_8853",206,"jneuro;40/46/8853","40/46/8853",40,46,8853,43,22,"40"
"680","40_46_8870",207,"jneuro;40/46/8870","40/46/8870",40,46,8870,17,8,"40"
"681","40_46_8883",208,"jneuro;40/46/8883","40/46/8883",40,46,8883,36,8,"40"
"682","40_46_8900",209,"jneuro;40/46/8900","40/46/8900",40,46,8900,4,4,"40"
"683","40_46_8913",210,"jneuro;40/46/8913","40/46/8913",40,46,8913,65,22,"40"
"684","40_46_8924",211,"jneuro;40/46/8924","40/46/8924",40,46,8924,19,15,"40"
"685","40_46_8938",212,"jneuro;40/46/8938","40/46/8938",40,46,8938,23,14,"40"
"686","40_46_8951",213,"jneuro;40/46/8951","40/46/8951",40,46,8951,52,9,"40"
"687","40_46_8964",214,"jneuro;40/46/8964","40/46/8964",40,46,8964,12,5,"40"
"688","40_47_8976",189,"jneuro;40/47/8976","40/47/8976",40,47,8976,39,25,"40"
"689","40_47_8994",190,"jneuro;40/47/8994","40/47/8994",40,47,8994,71,43,"40"
"690","40_47_9012",191,"jneuro;40/47/9012","40/47/9012",40,47,9012,92,46,"40"
"691","40_47_9028",192,"jneuro;40/47/9028","40/47/9028",40,47,9028,29,14,"40"
"692","40_47_9043",193,"jneuro;40/47/9043","40/47/9043",40,47,9043,34,22,"40"
"693","40_47_9055",194,"jneuro;40/47/9055","40/47/9055",40,47,9055,11,5,"40"
"694","40_47_9066",195,"jneuro;40/47/9066","40/47/9066",40,47,9066,42,8,"40"
"695","40_47_9078",196,"jneuro;40/47/9078","40/47/9078",40,47,9078,9,3,"40"
"696","40_47_9088",197,"jneuro;40/47/9088","40/47/9088",40,47,9088,23,19,"40"
"697","40_47_9103",198,"jneuro;40/47/9103","40/47/9103",40,47,9103,31,21,"40"
"698","40_47_9121",199,"jneuro;40/47/9121","40/47/9121",40,47,9121,62,32,"40"
"699","40_47_9137",200,"jneuro;40/47/9137","40/47/9137",40,47,9137,21,16,"40"
"700","40_47_9148",201,"jneuro;40/47/9148","40/47/9148",40,47,9148,81,48,"40"
"701","40_48_9169",176,"jneuro;40/48/9169","40/48/9169",40,48,9169,80,62,"40"
"702","40_48_9186",177,"jneuro;40/48/9186","40/48/9186",40,48,9186,89,57,"40"
"703","40_48_9210",178,"jneuro;40/48/9210","40/48/9210",40,48,9210,19,7,"40"
"704","40_48_9224",179,"jneuro;40/48/9224","40/48/9224",40,48,9224,17,14,"40"
"705","40_48_9236",180,"jneuro;40/48/9236","40/48/9236",40,48,9236,8,0,"40"
"706","40_48_9250",181,"jneuro;40/48/9250","40/48/9250",40,48,9250,36,14,"40"
"707","40_48_9260",182,"jneuro;40/48/9260","40/48/9260",40,48,9260,53,34,"40"
"708","40_48_9272",183,"jneuro;40/48/9272","40/48/9272",40,48,9272,17,9,"40"
"709","40_48_9283",184,"jneuro;40/48/9283","40/48/9283",40,48,9283,3,3,"40"
"710","40_48_9293",185,"jneuro;40/48/9293","40/48/9293",40,48,9293,4,3,"40"
"711","40_48_9306",186,"jneuro;40/48/9306","40/48/9306",40,48,9306,59,43,"40"
"712","40_48_9317",187,"jneuro;40/48/9317","40/48/9317",40,48,9317,69,50,"40"
"713","40_48_9327",188,"jneuro;40/48/9327","40/48/9327",40,48,9327,84,75,"40"
"714","40_49_9346",160,"jneuro;40/49/9346","40/49/9346",40,49,9346,0,0,"40"
"715","40_49_9364",161,"jneuro;40/49/9364","40/49/9364",40,49,9364,4,3,"40"
"716","40_49_9372",162,"jneuro;40/49/9372","40/49/9372",40,49,9372,34,25,"40"
"717","40_49_9386",163,"jneuro;40/49/9386","40/49/9386",40,49,9386,76,54,"40"
"718","40_49_9401",164,"jneuro;40/49/9401","40/49/9401",40,49,9401,43,25,"40"
"719","40_49_9414",165,"jneuro;40/49/9414","40/49/9414",40,49,9414,22,15,"40"
"720","40_49_9426",166,"jneuro;40/49/9426","40/49/9426",40,49,9426,63,32,"40"
"721","40_49_9440",167,"jneuro;40/49/9440","40/49/9440",40,49,9440,10,10,"40"
"722","40_49_9455",168,"jneuro;40/49/9455","40/49/9455",40,49,9455,32,19,"40"
"723","40_49_9467",169,"jneuro;40/49/9467","40/49/9467",40,49,9467,72,53,"40"
"724","40_49_9476",170,"jneuro;40/49/9476","40/49/9476",40,49,9476,0,0,"40"
"725","40_49_9487",171,"jneuro;40/49/9487","40/49/9487",40,49,9487,7,7,"40"
"726","40_49_9496",172,"jneuro;40/49/9496","40/49/9496",40,49,9496,56,32,"40"
"727","40_49_9507",173,"jneuro;40/49/9507","40/49/9507",40,49,9507,21,6,"40"
"728","40_49_9519",174,"jneuro;40/49/9519","40/49/9519",40,49,9519,105,101,"40"
"729","40_49_9533",175,"jneuro;40/49/9533","40/49/9533",40,49,9533,67,20,"40"
"730","40_5_1015",755,"jneuro;40/5/1015","40/5/1015",40,5,1015,47,19,"40"
"731","40_5_1028",756,"jneuro;40/5/1028","40/5/1028",40,5,1028,67,49,"40"
"732","40_5_1042",757,"jneuro;40/5/1042","40/5/1042",40,5,1042,6,5,"40"
"733","40_5_1053",758,"jneuro;40/5/1053","40/5/1053",40,5,1053,26,12,"40"
"734","40_5_1066",759,"jneuro;40/5/1066","40/5/1066",40,5,1066,7,0,"40"
"735","40_5_1084",760,"jneuro;40/5/1084","40/5/1084",40,5,1084,48,4,"40"
"736","40_5_1097",761,"jneuro;40/5/1097","40/5/1097",40,5,1097,27,16,"40"
"737","40_5_1110",762,"jneuro;40/5/1110","40/5/1110",40,5,1110,33,23,"40"
"738","40_5_1120",763,"jneuro;40/5/1120","40/5/1120",40,5,1120,62,35,"40"
"739","40_5_1133",764,"jneuro;40/5/1133","40/5/1133",40,5,1133,25,17,"40"
"740","40_5_1145",765,"jneuro;40/5/1145","40/5/1145",40,5,1145,48,45,"40"
"741","40_5_1162",766,"jneuro;40/5/1162","40/5/1162",40,5,1162,2,0,"40"
"742","40_5_958",752,"jneuro;40/5/958","40/5/958",40,5,958,4,1,"40"
"743","40_5_974",753,"jneuro;40/5/974","40/5/974",40,5,974,69,60,"40"
"744","40_5_996",754,"jneuro;40/5/996","40/5/996",40,5,996,0,0,"40"
"745","40_50_9552",143,"jneuro;40/50/9552","40/50/9552",40,50,9552,70,43,"40"
"746","40_50_9564",144,"jneuro;40/50/9564","40/50/9564",40,50,9564,37,7,"40"
"747","40_50_9576",145,"jneuro;40/50/9576","40/50/9576",40,50,9576,4,4,"40"
"748","40_50_9589",146,"jneuro;40/50/9589","40/50/9589",40,50,9589,56,39,"40"
"749","40_50_9602",147,"jneuro;40/50/9602","40/50/9602",40,50,9602,38,22,"40"
"750","40_50_9617",148,"jneuro;40/50/9617","40/50/9617",40,50,9617,219,107,"40"
"751","40_50_9634",149,"jneuro;40/50/9634","40/50/9634",40,50,9634,0,0,"40"
"752","40_50_9650",150,"jneuro;40/50/9650","40/50/9650",40,50,9650,55,45,"40"
"753","40_50_9663",151,"jneuro;40/50/9663","40/50/9663",40,50,9663,59,32,"40"
"754","40_50_9676",152,"jneuro;40/50/9676","40/50/9676",40,50,9676,48,30,"40"
"755","40_50_9692",153,"jneuro;40/50/9692","40/50/9692",40,50,9692,22,17,"40"
"756","40_50_9701",154,"jneuro;40/50/9701","40/50/9701",40,50,9701,19,10,"40"
"757","40_50_9715",155,"jneuro;40/50/9715","40/50/9715",40,50,9715,53,33,"40"
"758","40_50_9725",156,"jneuro;40/50/9725","40/50/9725",40,50,9725,100,27,"40"
"759","40_50_9736",157,"jneuro;40/50/9736","40/50/9736",40,50,9736,15,11,"40"
"760","40_50_9751",158,"jneuro;40/50/9751","40/50/9751",40,50,9751,155,66,"40"
"761","40_50_9772",159,"jneuro;40/50/9772","40/50/9772",40,50,9772,3,1,"40"
"762","40_6_1197",738,"jneuro;40/6/1197","40/6/1197",40,6,1197,91,51,"40"
"763","40_6_1211",739,"jneuro;40/6/1211","40/6/1211",40,6,1211,72,47,"40"
"764","40_6_1226",740,"jneuro;40/6/1226","40/6/1226",40,6,1226,8,5,"40"
"765","40_6_1232",741,"jneuro;40/6/1232","40/6/1232",40,6,1232,41,41,"40"
"766","40_6_1248",742,"jneuro;40/6/1248","40/6/1248",40,6,1248,41,22,"40"
"767","40_6_1265",743,"jneuro;40/6/1265","40/6/1265",40,6,1265,2,1,"40"
"768","40_6_1276",744,"jneuro;40/6/1276","40/6/1276",40,6,1276,46,34,"40"
"769","40_6_1286",745,"jneuro;40/6/1286","40/6/1286",40,6,1286,26,19,"40"
"770","40_6_1302",746,"jneuro;40/6/1302","40/6/1302",40,6,1302,5,5,"40"
"771","40_6_1311",747,"jneuro;40/6/1311","40/6/1311",40,6,1311,1,0,"40"
"772","40_6_1321",748,"jneuro;40/6/1321","40/6/1321",40,6,1321,58,27,"40"
"773","40_6_1332",749,"jneuro;40/6/1332","40/6/1332",40,6,1332,52,22,"40"
"774","40_6_1344",750,"jneuro;40/6/1344","40/6/1344",40,6,1344,21,13,"40"
"775","40_6_1355",751,"jneuro;40/6/1355","40/6/1355",40,6,1355,62,49,"40"
"776","40_7_1373",723,"jneuro;40/7/1373","40/7/1373",40,7,1373,29,22,"40"
"777","40_7_1389",724,"jneuro;40/7/1389","40/7/1389",40,7,1389,82,52,"40"
"778","40_7_1405",725,"jneuro;40/7/1405","40/7/1405",40,7,1405,146,87,"40"
"779","40_7_1427",726,"jneuro;40/7/1427","40/7/1427",40,7,1427,73,46,"40"
"780","40_7_1440",727,"jneuro;40/7/1440","40/7/1440",40,7,1440,6,3,"40"
"781","40_7_1453",728,"jneuro;40/7/1453","40/7/1453",40,7,1453,177,98,"40"
"782","40_7_1483",729,"jneuro;40/7/1483","40/7/1483",40,7,1483,87,72,"40"
"783","40_7_1501",730,"jneuro;40/7/1501","40/7/1501",40,7,1501,8,6,"40"
"784","40_7_1514",731,"jneuro;40/7/1514","40/7/1514",40,7,1514,59,36,"40"
"785","40_7_1527",732,"jneuro;40/7/1527","40/7/1527",40,7,1527,36,14,"40"
"786","40_7_1538",733,"jneuro;40/7/1538","40/7/1538",40,7,1538,24,13,"40"
"787","40_7_1549",734,"jneuro;40/7/1549","40/7/1549",40,7,1549,15,2,"40"
"788","40_7_1560",735,"jneuro;40/7/1560","40/7/1560",40,7,1560,4,0,"40"
"789","40_7_1571",736,"jneuro;40/7/1571","40/7/1571",40,7,1571,35,21,"40"
"790","40_7_1581",737,"jneuro;40/7/1581","40/7/1581",40,7,1581,120,81,"40"
"791","40_8_1611",708,"jneuro;40/8/1611","40/8/1611",40,8,1611,16,10,"40"
"792","40_8_1625",709,"jneuro;40/8/1625","40/8/1625",40,8,1625,6,5,"40"
"793","40_8_1640",710,"jneuro;40/8/1640","40/8/1640",40,8,1640,9,2,"40"
"794","40_8_1650",711,"jneuro;40/8/1650","40/8/1650",40,8,1650,47,21,"40"
"795","40_8_1668",712,"jneuro;40/8/1668","40/8/1668",40,8,1668,5,1,"40"
"796","40_8_1679",713,"jneuro;40/8/1679","40/8/1679",40,8,1679,18,12,"40"
"797","40_8_1689",714,"jneuro;40/8/1689","40/8/1689",40,8,1689,56,39,"40"
"798","40_8_1701",715,"jneuro;40/8/1701","40/8/1701",40,8,1701,21,10,"40"
"799","40_8_1710",716,"jneuro;40/8/1710","40/8/1710",40,8,1710,15,5,"40"
"800","40_8_1722",717,"jneuro;40/8/1722","40/8/1722",40,8,1722,31,24,"40"
"801","40_8_1732",718,"jneuro;40/8/1732","40/8/1732",40,8,1732,73,56,"40"
"802","40_8_1744",719,"jneuro;40/8/1744","40/8/1744",40,8,1744,32,11,"40"
"803","40_8_1756",720,"jneuro;40/8/1756","40/8/1756",40,8,1756,15,12,"40"
"804","40_8_1766",721,"jneuro;40/8/1766","40/8/1766",40,8,1766,6,2,"40"
"805","40_8_1778",722,"jneuro;40/8/1778","40/8/1778",40,8,1778,41,22,"40"
"806","40_9_1795",693,"jneuro;40/9/1795","40/9/1795",40,9,1795,22,22,"40"
"807","40_9_1810",694,"jneuro;40/9/1810","40/9/1810",40,9,1810,8,5,"40"
"808","40_9_1819",695,"jneuro;40/9/1819","40/9/1819",40,9,1819,119,83,"40"
"809","40_9_1834",696,"jneuro;40/9/1834","40/9/1834",40,9,1834,5,2,"40"
"810","40_9_1849",697,"jneuro;40/9/1849","40/9/1849",40,9,1849,60,24,"40"
"811","40_9_1862",698,"jneuro;40/9/1862","40/9/1862",40,9,1862,87,45,"40"
"812","40_9_1874",699,"jneuro;40/9/1874","40/9/1874",40,9,1874,26,20,"40"
"813","40_9_1888",700,"jneuro;40/9/1888","40/9/1888",40,9,1888,8,6,"40"
"814","40_9_1897",701,"jneuro;40/9/1897","40/9/1897",40,9,1897,88,54,"40"
"815","40_9_1909",702,"jneuro;40/9/1909","40/9/1909",40,9,1909,64,34,"40"
"816","40_9_1920",703,"jneuro;40/9/1920","40/9/1920",40,9,1920,30,28,"40"
"817","40_9_1931",704,"jneuro;40/9/1931","40/9/1931",40,9,1931,23,16,"40"
"818","40_9_1943",705,"jneuro;40/9/1943","40/9/1943",40,9,1943,55,33,"40"
"819","40_9_1956",706,"jneuro;40/9/1956","40/9/1956",40,9,1956,31,22,"40"
"820","40_9_1975",707,"jneuro;40/9/1975","40/9/1975",40,9,1975,40,31,"40"
